<?xml version="1.0" standalone="yes" ?>
<?xml-stylesheet href="x2script.xsl" type="text/xsl" ?>
<script>
<name>al.ncm.map.start</name>
<version>0</version>
<engineversion>52</engineversion>
<description>Description</description>
<arguments>
<argument index="1" name="al.PluginID" type="Var/String" desc="Al Plugin ID" />
<argument index="2" name="al.State" type="Var/String" desc="AL State Data" />
</arguments>
<sourceplaintext>
<![CDATA[
  
@ = [THIS] -> call script al.ncm.LogWriterMapExport : 
  
  
  
  
  
  
  return null
]]>
</sourceplaintext>
<sourcetext>
<line indent=""></line>
<line interruptable="@" indent=""><var>=&#160;</var><var>[THIS]&#160;-&gt;</var><text>&#160;call&#160;script&#160;</text><call>al.ncm.LogWriterMapExport</call><text>&#160;:&#160;</text></line>
<line indent=""></line>
<line indent=""></line>
<line indent=""></line>
<line indent=""></line>
<line indent=""></line>
<line indent=""></line>
<line indent=""><text>return&#160;</text><var>null</var></line>
</sourcetext>
<codearray>

<sval type="array" size="10">
  <sval type="string" val="al.ncm.map.start"/>
  <sval type="int" val="52"/>
  <sval type="string" val="Description"/>
  <sval type="int" val="0"/>
  <sval type="int" val="0"/>
  <sval type="array" size="2">
    <sval type="string" val="al.PluginID"/>
    <sval type="string" val="al.State"/>
  </sval>
  <sval type="array" size="2">
    <sval type="array" size="6">
      <sval type="int" val="102"/>
      <sval type="string" val="al.ncm.LogWriterMapExport"/>
      <sval type="int" val="-2147483647"/>
      <sval type="int" val="131075"/>
      <sval type="int" val="1"/>
      <sval type="int" val="0"/>
    </sval>
    <sval type="array" size="3">
      <sval type="int" val="103"/>
      <sval type="int" val="0"/>
      <sval type="int" val="0"/>
    </sval>
  </sval>
  <sval type="array" size="2">
    <sval type="array" size="2">
      <sval type="int" val="11"/>
      <sval type="string" val="Al Plugin ID"/>
    </sval>
    <sval type="array" size="2">
      <sval type="int" val="11"/>
      <sval type="string" val="AL State Data"/>
    </sval>
  </sval>
  <sval type="array" size="7">
    <sval type="array" size="2">
      <sval type="int" val="0"/>
      <sval type="int" val="2"/>
    </sval>
    <sval type="array" size="2">
      <sval type="int" val="1"/>
      <sval type="int" val="2"/>
    </sval>
    <sval type="array" size="2">
      <sval type="int" val="1"/>
      <sval type="int" val="2"/>
    </sval>
    <sval type="array" size="2">
      <sval type="int" val="1"/>
      <sval type="int" val="2"/>
    </sval>
    <sval type="array" size="2">
      <sval type="int" val="1"/>
      <sval type="int" val="2"/>
    </sval>
    <sval type="array" size="2">
      <sval type="int" val="1"/>
      <sval type="int" val="2"/>
    </sval>
    <sval type="array" size="2">
      <sval type="int" val="1"/>
      <sval type="int" val="2"/>
    </sval>
  </sval>
  <sval type="int" val="0"/>
</sval>

</codearray>
<nosignature>0284</nosignature>
</script>
