<?xml version="1.0" standalone="yes" ?>
<?xml-stylesheet href="x2script.xsl" type="text/xsl" ?>
<script>
<name>al.ncm.map.PlayerShipToPosString</name>
<version>0</version>
<engineversion>52</engineversion>
<description>Description</description>
<arguments>
<argument index="1" name="ship" type="Var/Ship" desc="Ship" />
</arguments>
<sourceplaintext>
<![CDATA[
  
  $x = $ship -> get x position
  $y = $ship -> get y position
  $z = $ship -> get z position
  $name = $ship -> get name
  
  $logString = '<Ship>' + '<Name>' + $name + '</Name>' + '<X>' + $x + '</X>' + '<Y>' + $y + '</Y>' + '<Z>' + $z + '</Z>' + '</Ship>'
  
  
  return $logString
]]>
</sourceplaintext>
<sourcetext>
<line indent=""></line>
<line indent=""><var>$x&#160;=&#160;</var><var>$ship&#160;-&gt;</var><text>&#160;get&#160;x&#160;position</text></line>
<line indent=""><var>$y&#160;=&#160;</var><var>$ship&#160;-&gt;</var><text>&#160;get&#160;y&#160;position</text></line>
<line indent=""><var>$z&#160;=&#160;</var><var>$ship&#160;-&gt;</var><text>&#160;get&#160;z&#160;position</text></line>
<line indent=""><var>$name&#160;=&#160;</var><var>$ship&#160;-&gt;</var><text>&#160;get&#160;name</text></line>
<line indent=""></line>
<line indent=""><var>$logString&#160;=&#160;</var><var>'&lt;Ship&gt;'</var><text>&#160;</text><var>+</var><text>&#160;</text><var>'&lt;Name&gt;'</var><text>&#160;</text><var>+</var><text>&#160;</text><var>$name</var><text>&#160;</text><var>+</var><text>&#160;</text><var>'&lt;/Name&gt;'</var><text>&#160;</text><var>+</var><text>&#160;</text><var>'&lt;X&gt;'</var><text>&#160;</text><var>+</var><text>&#160;</text><var>$x</var><text>&#160;</text><var>+</var><text>&#160;</text><var>'&lt;/X&gt;'</var><text>&#160;</text><var>+</var><text>&#160;</text><var>'&lt;Y&gt;'</var><text>&#160;</text><var>+</var><text>&#160;</text><var>$y</var><text>&#160;</text><var>+</var><text>&#160;</text><var>'&lt;/Y&gt;'</var><text>&#160;</text><var>+</var><text>&#160;</text><var>'&lt;Z&gt;'</var><text>&#160;</text><var>+</var><text>&#160;</text><var>$z</var><text>&#160;</text><var>+</var><text>&#160;</text><var>'&lt;/Z&gt;'</var><text>&#160;</text><var>+</var><text>&#160;</text><var>'&lt;/Ship&gt;'</var></line>
<line indent=""></line>
<line indent=""></line>
<line indent=""><text>return&#160;</text><var>$logString</var></line>
</sourcetext>
<codearray>

<sval type="array" size="10">
  <sval type="string" val="al.ncm.map.PlayerShipToPosString"/>
  <sval type="int" val="52"/>
  <sval type="string" val="Description"/>
  <sval type="int" val="0"/>
  <sval type="int" val="0"/>
  <sval type="array" size="6">
    <sval type="string" val="ship"/>
    <sval type="string" val="x"/>
    <sval type="string" val="y"/>
    <sval type="string" val="z"/>
    <sval type="string" val="name"/>
    <sval type="string" val="logString"/>
  </sval>
  <sval type="array" size="6">
    <sval type="array" size="4">
      <sval type="int" val="740"/>
      <sval type="int" val="131074"/>
      <sval type="int" val="0"/>
      <sval type="int" val="1"/>
    </sval>
    <sval type="array" size="4">
      <sval type="int" val="741"/>
      <sval type="int" val="131074"/>
      <sval type="int" val="0"/>
      <sval type="int" val="2"/>
    </sval>
    <sval type="array" size="4">
      <sval type="int" val="742"/>
      <sval type="int" val="131074"/>
      <sval type="int" val="0"/>
      <sval type="int" val="3"/>
    </sval>
    <sval type="array" size="4">
      <sval type="int" val="1028"/>
      <sval type="int" val="131074"/>
      <sval type="int" val="0"/>
      <sval type="int" val="4"/>
    </sval>
    <sval type="array" size="85">
      <sval type="int" val="104"/>
      <sval type="int" val="5"/>
      <sval type="int" val="27"/>
      <sval type="int" val="5"/>
      <sval type="string" val="&lt;Ship&gt;"/>
      <sval type="int" val="5"/>
      <sval type="string" val="&lt;Name&gt;"/>
      <sval type="int" val="15"/>
      <sval type="int" val="11"/>
      <sval type="int" val="131074"/>
      <sval type="int" val="4"/>
      <sval type="int" val="15"/>
      <sval type="int" val="11"/>
      <sval type="int" val="5"/>
      <sval type="string" val="&lt;/Name&gt;"/>
      <sval type="int" val="15"/>
      <sval type="int" val="11"/>
      <sval type="int" val="5"/>
      <sval type="string" val="&lt;X&gt;"/>
      <sval type="int" val="15"/>
      <sval type="int" val="11"/>
      <sval type="int" val="131074"/>
      <sval type="int" val="1"/>
      <sval type="int" val="15"/>
      <sval type="int" val="11"/>
      <sval type="int" val="5"/>
      <sval type="string" val="&lt;/X&gt;"/>
      <sval type="int" val="15"/>
      <sval type="int" val="11"/>
      <sval type="int" val="5"/>
      <sval type="string" val="&lt;Y&gt;"/>
      <sval type="int" val="15"/>
      <sval type="int" val="11"/>
      <sval type="int" val="131074"/>
      <sval type="int" val="2"/>
      <sval type="int" val="15"/>
      <sval type="int" val="11"/>
      <sval type="int" val="5"/>
      <sval type="string" val="&lt;/Y&gt;"/>
      <sval type="int" val="15"/>
      <sval type="int" val="11"/>
      <sval type="int" val="5"/>
      <sval type="string" val="&lt;Z&gt;"/>
      <sval type="int" val="15"/>
      <sval type="int" val="11"/>
      <sval type="int" val="131074"/>
      <sval type="int" val="3"/>
      <sval type="int" val="15"/>
      <sval type="int" val="11"/>
      <sval type="int" val="5"/>
      <sval type="string" val="&lt;/Z&gt;"/>
      <sval type="int" val="15"/>
      <sval type="int" val="11"/>
      <sval type="int" val="5"/>
      <sval type="string" val="&lt;/Ship&gt;"/>
      <sval type="int" val="15"/>
      <sval type="int" val="11"/>
      <sval type="int" val="27"/>
      <sval type="int" val="-1"/>
      <sval type="int" val="11"/>
      <sval type="int" val="-2"/>
      <sval type="int" val="11"/>
      <sval type="int" val="-4"/>
      <sval type="int" val="11"/>
      <sval type="int" val="-6"/>
      <sval type="int" val="11"/>
      <sval type="int" val="-8"/>
      <sval type="int" val="11"/>
      <sval type="int" val="-10"/>
      <sval type="int" val="11"/>
      <sval type="int" val="-12"/>
      <sval type="int" val="11"/>
      <sval type="int" val="-14"/>
      <sval type="int" val="11"/>
      <sval type="int" val="-16"/>
      <sval type="int" val="11"/>
      <sval type="int" val="-18"/>
      <sval type="int" val="11"/>
      <sval type="int" val="-20"/>
      <sval type="int" val="11"/>
      <sval type="int" val="-22"/>
      <sval type="int" val="11"/>
      <sval type="int" val="-24"/>
      <sval type="int" val="11"/>
      <sval type="int" val="-26"/>
    </sval>
    <sval type="array" size="3">
      <sval type="int" val="103"/>
      <sval type="int" val="131074"/>
      <sval type="int" val="5"/>
    </sval>
  </sval>
  <sval type="array" size="1">
    <sval type="array" size="2">
      <sval type="int" val="21"/>
      <sval type="string" val="Ship"/>
    </sval>
  </sval>
  <sval type="array" size="4">
    <sval type="array" size="2">
      <sval type="int" val="0"/>
      <sval type="int" val="2"/>
    </sval>
    <sval type="array" size="2">
      <sval type="int" val="4"/>
      <sval type="int" val="2"/>
    </sval>
    <sval type="array" size="2">
      <sval type="int" val="5"/>
      <sval type="int" val="2"/>
    </sval>
    <sval type="array" size="2">
      <sval type="int" val="5"/>
      <sval type="int" val="2"/>
    </sval>
  </sval>
  <sval type="int" val="0"/>
</sval>

</codearray>
<nosignature>6032</nosignature>
</script>
