<?xml version="1.0" standalone="yes" ?>
<?xml-stylesheet href="x2script.xsl" type="text/xsl" ?>
<script>
<name>al.ncm.map.timer.fast</name>
<version>0</version>
<engineversion>52</engineversion>
<description>Description</description>
<arguments>
<argument index="1" name="al.PluginID" type="Var/String" desc="AL Plugin ID" />
<argument index="2" name="al.State" type="Var/String" desc="AL State Data" />
</arguments>
<sourceplaintext>
<![CDATA[
  
  $logFile = 902
  
  write to log file #$logFile  append=[FALSE]  value='<Data>'
  
  $actualsector = [PLAYERSHIP] -> get sector
  
@ $logString = [THIS] -> call script al.ncm.map.SectorToPosString :  Sector=$actualsector  The Identification for log parse='Sector'
  
  write to log file #$logFile  append=[TRUE]  value=$logString
  
@ $shipPosString = [THIS] -> call script al.ncm.map.PlayerShipToPosString :  Ship=[PLAYERSHIP]
  
  write to log file #$logFile  append=[TRUE]  value=$shipPosString
  
  write to log file #$logFile  append=[TRUE]  value='</Data>'
  
  return null
]]>
</sourceplaintext>
<sourcetext>
<line indent=""></line>
<line indent=""><var>$logFile&#160;=&#160;</var><var>902</var></line>
<line indent=""></line>
<line indent=""><text>write&#160;to&#160;log&#160;file&#160;#</text><var>$logFile</var><text>&#160;&#160;append=</text><var>[FALSE]</var><text>&#160;&#160;value=</text><var>'&lt;Data&gt;'</var></line>
<line indent=""></line>
<line indent=""><var>$actualsector&#160;=&#160;</var><var>[PLAYERSHIP]&#160;-&gt;</var><text>&#160;get&#160;sector</text></line>
<line indent=""></line>
<line interruptable="@" indent=""><var>$logString&#160;=&#160;</var><var>[THIS]&#160;-&gt;</var><text>&#160;call&#160;script&#160;</text><call>al.ncm.map.SectorToPosString</call><text>&#160;:&#160;</text><text>&#160;Sector=</text><var>$actualsector</var><text>&#160;</text><text>&#160;The&#160;Identification&#160;for&#160;log&#160;parse=</text><var>'Sector'</var></line>
<line indent=""></line>
<line indent=""><text>write&#160;to&#160;log&#160;file&#160;#</text><var>$logFile</var><text>&#160;&#160;append=</text><var>[TRUE]</var><text>&#160;&#160;value=</text><var>$logString</var></line>
<line indent=""></line>
<line interruptable="@" indent=""><var>$shipPosString&#160;=&#160;</var><var>[THIS]&#160;-&gt;</var><text>&#160;call&#160;script&#160;</text><call>al.ncm.map.PlayerShipToPosString</call><text>&#160;:&#160;</text><text>&#160;Ship=</text><var>[PLAYERSHIP]</var></line>
<line indent=""></line>
<line indent=""><text>write&#160;to&#160;log&#160;file&#160;#</text><var>$logFile</var><text>&#160;&#160;append=</text><var>[TRUE]</var><text>&#160;&#160;value=</text><var>$shipPosString</var></line>
<line indent=""></line>
<line indent=""><text>write&#160;to&#160;log&#160;file&#160;#</text><var>$logFile</var><text>&#160;&#160;append=</text><var>[TRUE]</var><text>&#160;&#160;value=</text><var>'&lt;/Data&gt;'</var></line>
<line indent=""></line>
<line indent=""><text>return&#160;</text><var>null</var></line>
</sourcetext>
<codearray>

<sval type="array" size="10">
  <sval type="string" val="al.ncm.map.timer.fast"/>
  <sval type="int" val="52"/>
  <sval type="string" val="Description"/>
  <sval type="int" val="0"/>
  <sval type="int" val="0"/>
  <sval type="array" size="6">
    <sval type="string" val="al.PluginID"/>
    <sval type="string" val="al.State"/>
    <sval type="string" val="logFile"/>
    <sval type="string" val="actualsector"/>
    <sval type="string" val="logString"/>
    <sval type="string" val="shipPosString"/>
  </sval>
  <sval type="array" size="9">
    <sval type="array" size="7">
      <sval type="int" val="104"/>
      <sval type="int" val="2"/>
      <sval type="int" val="1"/>
      <sval type="int" val="4"/>
      <sval type="int" val="902"/>
      <sval type="int" val="1"/>
      <sval type="int" val="-1"/>
    </sval>
    <sval type="array" size="7">
      <sval type="int" val="404"/>
      <sval type="int" val="131074"/>
      <sval type="int" val="2"/>
      <sval type="int" val="131075"/>
      <sval type="int" val="9"/>
      <sval type="int" val="5"/>
      <sval type="string" val="&lt;Data&gt;"/>
    </sval>
    <sval type="array" size="4">
      <sval type="int" val="703"/>
      <sval type="int" val="131075"/>
      <sval type="int" val="3"/>
      <sval type="int" val="3"/>
    </sval>
    <sval type="array" size="10">
      <sval type="int" val="102"/>
      <sval type="string" val="al.ncm.map.SectorToPosString"/>
      <sval type="int" val="4"/>
      <sval type="int" val="131075"/>
      <sval type="int" val="1"/>
      <sval type="int" val="2"/>
      <sval type="int" val="131074"/>
      <sval type="int" val="3"/>
      <sval type="int" val="5"/>
      <sval type="string" val="Sector"/>
    </sval>
    <sval type="array" size="7">
      <sval type="int" val="404"/>
      <sval type="int" val="131074"/>
      <sval type="int" val="2"/>
      <sval type="int" val="131075"/>
      <sval type="int" val="10"/>
      <sval type="int" val="131074"/>
      <sval type="int" val="4"/>
    </sval>
    <sval type="array" size="8">
      <sval type="int" val="102"/>
      <sval type="string" val="al.ncm.map.PlayerShipToPosString"/>
      <sval type="int" val="5"/>
      <sval type="int" val="131075"/>
      <sval type="int" val="1"/>
      <sval type="int" val="1"/>
      <sval type="int" val="131075"/>
      <sval type="int" val="3"/>
    </sval>
    <sval type="array" size="7">
      <sval type="int" val="404"/>
      <sval type="int" val="131074"/>
      <sval type="int" val="2"/>
      <sval type="int" val="131075"/>
      <sval type="int" val="10"/>
      <sval type="int" val="131074"/>
      <sval type="int" val="5"/>
    </sval>
    <sval type="array" size="7">
      <sval type="int" val="404"/>
      <sval type="int" val="131074"/>
      <sval type="int" val="2"/>
      <sval type="int" val="131075"/>
      <sval type="int" val="10"/>
      <sval type="int" val="5"/>
      <sval type="string" val="&lt;/Data&gt;"/>
    </sval>
    <sval type="array" size="3">
      <sval type="int" val="103"/>
      <sval type="int" val="0"/>
      <sval type="int" val="0"/>
    </sval>
  </sval>
  <sval type="array" size="2">
    <sval type="array" size="2">
      <sval type="int" val="11"/>
      <sval type="string" val="AL Plugin ID"/>
    </sval>
    <sval type="array" size="2">
      <sval type="int" val="11"/>
      <sval type="string" val="AL State Data"/>
    </sval>
  </sval>
  <sval type="array" size="9">
    <sval type="array" size="2">
      <sval type="int" val="0"/>
      <sval type="int" val="2"/>
    </sval>
    <sval type="array" size="2">
      <sval type="int" val="1"/>
      <sval type="int" val="2"/>
    </sval>
    <sval type="array" size="2">
      <sval type="int" val="2"/>
      <sval type="int" val="2"/>
    </sval>
    <sval type="array" size="2">
      <sval type="int" val="3"/>
      <sval type="int" val="2"/>
    </sval>
    <sval type="array" size="2">
      <sval type="int" val="4"/>
      <sval type="int" val="2"/>
    </sval>
    <sval type="array" size="2">
      <sval type="int" val="5"/>
      <sval type="int" val="2"/>
    </sval>
    <sval type="array" size="2">
      <sval type="int" val="6"/>
      <sval type="int" val="2"/>
    </sval>
    <sval type="array" size="2">
      <sval type="int" val="7"/>
      <sval type="int" val="2"/>
    </sval>
    <sval type="array" size="2">
      <sval type="int" val="8"/>
      <sval type="int" val="2"/>
    </sval>
  </sval>
  <sval type="int" val="0"/>
</sval>

</codearray>
<nosignature>2144</nosignature>
</script>
