<?xml version="1.0" standalone="yes" ?>
<?xml-stylesheet href="x2script.xsl" type="text/xsl" ?>
<script>
<name>al.ncm.map.stop</name>
<version>0</version>
<engineversion>52</engineversion>
<description>Description</description>
<arguments>
<argument index="1" name="al.PluginID" type="Var/String" desc="AL Plugin ID" />
<argument index="2" name="al.State" type="Var/String" desc="AL State Data" />
</arguments>
<sourceplaintext>
<![CDATA[
  return null
]]>
</sourceplaintext>
<sourcetext>
<line indent=""><text>return&#160;</text><var>null</var></line>
</sourcetext>
<codearray>

<sval type="array" size="10">
  <sval type="string" val="al.ncm.map.stop"/>
  <sval type="int" val="52"/>
  <sval type="string" val="Description"/>
  <sval type="int" val="0"/>
  <sval type="int" val="0"/>
  <sval type="array" size="2">
    <sval type="string" val="al.PluginID"/>
    <sval type="string" val="al.State"/>
  </sval>
  <sval type="array" size="1">
    <sval type="array" size="3">
      <sval type="int" val="103"/>
      <sval type="int" val="0"/>
      <sval type="int" val="0"/>
    </sval>
  </sval>
  <sval type="array" size="2">
    <sval type="array" size="2">
      <sval type="int" val="11"/>
      <sval type="string" val="AL Plugin ID"/>
    </sval>
    <sval type="array" size="2">
      <sval type="int" val="11"/>
      <sval type="string" val="AL State Data"/>
    </sval>
  </sval>
  <sval type="int" val="0"/>
  <sval type="int" val="0"/>
</sval>

</codearray>
<nosignature>8922</nosignature>
</script>
