<?xml version="1.0" standalone="yes" ?>
<?xml-stylesheet href="x2script.xsl" type="text/xsl" ?>
<script>
<name>al.ncm.LogWriterMapExport</name>
<version>0</version>
<engineversion>52</engineversion>
<description>Description</description>
<arguments>
</arguments>
<sourceplaintext>
<![CDATA[
  infinite loop detection enabled=0
  
  $maxX = get max sectors in x direction
  $maxY = get max sectors in y direction
  
  $actualX = 0
  $actualY = 0
  
  $logFile = 903
  
  write to log file #$logFile  append=[FALSE]  value='<?xml version="1.0"?>'
  
  
  write to log file #$logFile  append=[TRUE]  value='<Data><Map>'
  
  * Start parsing Universe
  while $actualX <= $maxX
    $actualY = 0
    while $actualY <= $maxY
      
      $sector = get sector from universe index: x=$actualX, y=$actualY
      
      if $sector != null
        
        
        $race = $sector -> get owner race
        $raceID = get race id for race: $race
        
@       = [THIS] -> call script al.ncm.map.RaceListMaker :  The Race=$race
        
        
@       $gateString = [THIS] -> call script al.ncm.map.WrapGateConnections :  Sector For WrapGate Connections=$sector
        
        $logString = '<Sector>' + '<Name>' + $sector + '</Name>' + '<X>' + $actualX + '</X>' + '<Y>' + $actualY + '</Y>' + '<RaceID>' + $raceID + '</RaceID>' + $gateString + '</Sector>'
        write to log file #$logFile  append=[TRUE]  value=$logString
      end
      inc $actualY = 
    end
    
    inc $actualX = 
  end
  
  write to log file #$logFile  append=[TRUE]  value='</Map>'
  write to log file #$logFile  append=[TRUE]  value='<Races>'
  
  $raceList = get global variable: name='al.ncm.raceList'
  $i = 0
  $size = size of array $raceList
  
  while $i < $size
    $race = $raceList[$i]
    $raceID = get race id for race: $race
    
    $logString = '<Race>' + '<ID>' + $raceID + '</ID>' + '<Name>' + $race + '</Name>' + '</Race>'
    write to log file #$logFile  append=[TRUE]  value=$logString
    
    
    inc $i = 
  end
  
  
  write to log file #$logFile  append=[TRUE]  value='</Races>'
  
  
  
  
  
  write to log file #$logFile  append=[TRUE]  value='</Data>'
  
  
  
  
  
  return null
]]>
</sourceplaintext>
<sourcetext>
<line indent=""><text>infinite&#160;loop&#160;detection&#160;enabled=</text><var>0</var></line>
<line indent=""></line>
<line indent=""><var>$maxX&#160;=&#160;</var><text>get&#160;max&#160;sectors&#160;in&#160;x&#160;direction</text></line>
<line indent=""><var>$maxY&#160;=&#160;</var><text>get&#160;max&#160;sectors&#160;in&#160;y&#160;direction</text></line>
<line indent=""></line>
<line indent=""><var>$actualX&#160;=&#160;</var><var>0</var></line>
<line indent=""><var>$actualY&#160;=&#160;</var><var>0</var></line>
<line indent=""></line>
<line indent=""><var>$logFile&#160;=&#160;</var><var>903</var></line>
<line indent=""></line>
<line indent=""><text>write&#160;to&#160;log&#160;file&#160;#</text><var>$logFile</var><text>&#160;&#160;append=</text><var>[FALSE]</var><text>&#160;&#160;value=</text><var>'&lt;?xml&#160;version=&quot;1.0&quot;?&gt;'</var></line>
<line indent=""></line>
<line indent=""></line>
<line indent=""><text>write&#160;to&#160;log&#160;file&#160;#</text><var>$logFile</var><text>&#160;&#160;append=</text><var>[TRUE]</var><text>&#160;&#160;value=</text><var>'&lt;Data&gt;&lt;Map&gt;'</var></line>
<line indent=""></line>
<line indent=""><comment><text>*&#160;</text><var>Start&#160;parsing&#160;Universe</var></comment></line>
<line indent=""><var>while&#160;</var><var>$actualX</var><text>&#160;</text><var>&lt;=</var><text>&#160;</text><var>$maxX</var></line>
<line indent="&#160;"><var>$actualY&#160;=&#160;</var><var>0</var></line>
<line indent="&#160;"><var>while&#160;</var><var>$actualY</var><text>&#160;</text><var>&lt;=</var><text>&#160;</text><var>$maxY</var></line>
<line indent="&#160;&#160;"></line>
<line indent="&#160;&#160;"><var>$sector&#160;=&#160;</var><text>get&#160;sector&#160;from&#160;universe&#160;index:&#160;x=</text><var>$actualX</var><text>,&#160;y=</text><var>$actualY</var></line>
<line indent="&#160;&#160;"></line>
<line indent="&#160;&#160;"><var>if&#160;</var><var>$sector</var><text>&#160;</text><var>!=</var><text>&#160;</text><var>null</var></line>
<line indent="&#160;&#160;&#160;"></line>
<line indent="&#160;&#160;&#160;"></line>
<line indent="&#160;&#160;&#160;"><var>$race&#160;=&#160;</var><var>$sector&#160;-&gt;</var><text>&#160;get&#160;owner&#160;race</text></line>
<line indent="&#160;&#160;&#160;"><var>$raceID&#160;=&#160;</var><text>get&#160;race&#160;id&#160;for&#160;race:&#160;</text><var>$race</var></line>
<line indent="&#160;&#160;&#160;"></line>
<line interruptable="@" indent="&#160;&#160;&#160;"><var>=&#160;</var><var>[THIS]&#160;-&gt;</var><text>&#160;call&#160;script&#160;</text><call>al.ncm.map.RaceListMaker</call><text>&#160;:&#160;</text><text>&#160;The&#160;Race=</text><var>$race</var></line>
<line indent="&#160;&#160;&#160;"></line>
<line indent="&#160;&#160;&#160;"></line>
<line interruptable="@" indent="&#160;&#160;&#160;"><var>$gateString&#160;=&#160;</var><var>[THIS]&#160;-&gt;</var><text>&#160;call&#160;script&#160;</text><call>al.ncm.map.WrapGateConnections</call><text>&#160;:&#160;</text><text>&#160;Sector&#160;For&#160;WrapGate&#160;Connections=</text><var>$sector</var></line>
<line indent="&#160;&#160;&#160;"></line>
<line indent="&#160;&#160;&#160;"><var>$logString&#160;=&#160;</var><var>'&lt;Sector&gt;'</var><text>&#160;</text><var>+</var><text>&#160;</text><var>'&lt;Name&gt;'</var><text>&#160;</text><var>+</var><text>&#160;</text><var>$sector</var><text>&#160;</text><var>+</var><text>&#160;</text><var>'&lt;/Name&gt;'</var><text>&#160;</text><var>+</var><text>&#160;</text><var>'&lt;X&gt;'</var><text>&#160;</text><var>+</var><text>&#160;</text><var>$actualX</var><text>&#160;</text><var>+</var><text>&#160;</text><var>'&lt;/X&gt;'</var><text>&#160;</text><var>+</var><text>&#160;</text><var>'&lt;Y&gt;'</var><text>&#160;</text><var>+</var><text>&#160;</text><var>$actualY</var><text>&#160;</text><var>+</var><text>&#160;</text><var>'&lt;/Y&gt;'</var><text>&#160;</text><var>+</var><text>&#160;</text><var>'&lt;RaceID&gt;'</var><text>&#160;</text><var>+</var><text>&#160;</text><var>$raceID</var><text>&#160;</text><var>+</var><text>&#160;</text><var>'&lt;/RaceID&gt;'</var><text>&#160;</text><var>+</var><text>&#160;</text><var>$gateString</var><text>&#160;</text><var>+</var><text>&#160;</text><var>'&lt;/Sector&gt;'</var></line>
<line indent="&#160;&#160;&#160;"><text>write&#160;to&#160;log&#160;file&#160;#</text><var>$logFile</var><text>&#160;&#160;append=</text><var>[TRUE]</var><text>&#160;&#160;value=</text><var>$logString</var></line>
<line indent="&#160;&#160;"><text>end</text></line>
<line indent="&#160;&#160;"><text>inc&#160;</text><var>$actualY&#160;=&#160;</var></line>
<line indent="&#160;"><text>end</text></line>
<line indent="&#160;"></line>
<line indent="&#160;"><text>inc&#160;</text><var>$actualX&#160;=&#160;</var></line>
<line indent=""><text>end</text></line>
<line indent=""></line>
<line indent=""><text>write&#160;to&#160;log&#160;file&#160;#</text><var>$logFile</var><text>&#160;&#160;append=</text><var>[TRUE]</var><text>&#160;&#160;value=</text><var>'&lt;/Map&gt;'</var></line>
<line indent=""><text>write&#160;to&#160;log&#160;file&#160;#</text><var>$logFile</var><text>&#160;&#160;append=</text><var>[TRUE]</var><text>&#160;&#160;value=</text><var>'&lt;Races&gt;'</var></line>
<line indent=""></line>
<line indent=""><var>$raceList&#160;=&#160;</var><text>get&#160;global&#160;variable:&#160;name=</text><var>'al.ncm.raceList'</var></line>
<line indent=""><var>$i&#160;=&#160;</var><var>0</var></line>
<line indent=""><var>$size&#160;=&#160;</var><text>size&#160;of&#160;array&#160;</text><var>$raceList</var></line>
<line indent=""></line>
<line indent=""><var>while&#160;</var><var>$i</var><text>&#160;</text><var>&lt;</var><text>&#160;</text><var>$size</var></line>
<line indent="&#160;"><var>$race&#160;=&#160;</var><var>$raceList</var><text>[</text><var>$i</var><text>]</text></line>
<line indent="&#160;"><var>$raceID&#160;=&#160;</var><text>get&#160;race&#160;id&#160;for&#160;race:&#160;</text><var>$race</var></line>
<line indent="&#160;"></line>
<line indent="&#160;"><var>$logString&#160;=&#160;</var><var>'&lt;Race&gt;'</var><text>&#160;</text><var>+</var><text>&#160;</text><var>'&lt;ID&gt;'</var><text>&#160;</text><var>+</var><text>&#160;</text><var>$raceID</var><text>&#160;</text><var>+</var><text>&#160;</text><var>'&lt;/ID&gt;'</var><text>&#160;</text><var>+</var><text>&#160;</text><var>'&lt;Name&gt;'</var><text>&#160;</text><var>+</var><text>&#160;</text><var>$race</var><text>&#160;</text><var>+</var><text>&#160;</text><var>'&lt;/Name&gt;'</var><text>&#160;</text><var>+</var><text>&#160;</text><var>'&lt;/Race&gt;'</var></line>
<line indent="&#160;"><text>write&#160;to&#160;log&#160;file&#160;#</text><var>$logFile</var><text>&#160;&#160;append=</text><var>[TRUE]</var><text>&#160;&#160;value=</text><var>$logString</var></line>
<line indent="&#160;"></line>
<line indent="&#160;"></line>
<line indent="&#160;"><text>inc&#160;</text><var>$i&#160;=&#160;</var></line>
<line indent=""><text>end</text></line>
<line indent=""></line>
<line indent=""></line>
<line indent=""><text>write&#160;to&#160;log&#160;file&#160;#</text><var>$logFile</var><text>&#160;&#160;append=</text><var>[TRUE]</var><text>&#160;&#160;value=</text><var>'&lt;/Races&gt;'</var></line>
<line indent=""></line>
<line indent=""></line>
<line indent=""></line>
<line indent=""></line>
<line indent=""></line>
<line indent=""><text>write&#160;to&#160;log&#160;file&#160;#</text><var>$logFile</var><text>&#160;&#160;append=</text><var>[TRUE]</var><text>&#160;&#160;value=</text><var>'&lt;/Data&gt;'</var></line>
<line indent=""></line>
<line indent=""></line>
<line indent=""></line>
<line indent=""></line>
<line indent=""></line>
<line indent=""><text>return&#160;</text><var>null</var></line>
</sourcetext>
<codearray>

<sval type="array" size="10">
  <sval type="string" val="al.ncm.LogWriterMapExport"/>
  <sval type="int" val="52"/>
  <sval type="string" val="Description"/>
  <sval type="int" val="0"/>
  <sval type="int" val="0"/>
  <sval type="array" size="13">
    <sval type="string" val="maxX"/>
    <sval type="string" val="maxY"/>
    <sval type="string" val="actualX"/>
    <sval type="string" val="actualY"/>
    <sval type="string" val="logFile"/>
    <sval type="string" val="sector"/>
    <sval type="string" val="race"/>
    <sval type="string" val="raceID"/>
    <sval type="string" val="gateString"/>
    <sval type="string" val="logString"/>
    <sval type="string" val="raceList"/>
    <sval type="string" val="i"/>
    <sval type="string" val="size"/>
  </sval>
  <sval type="array" size="38">
    <sval type="array" size="3">
      <sval type="int" val="153"/>
      <sval type="int" val="4"/>
      <sval type="int" val="0"/>
    </sval>
    <sval type="array" size="2">
      <sval type="int" val="801"/>
      <sval type="int" val="0"/>
    </sval>
    <sval type="array" size="2">
      <sval type="int" val="802"/>
      <sval type="int" val="1"/>
    </sval>
    <sval type="array" size="7">
      <sval type="int" val="104"/>
      <sval type="int" val="2"/>
      <sval type="int" val="1"/>
      <sval type="int" val="4"/>
      <sval type="int" val="0"/>
      <sval type="int" val="1"/>
      <sval type="int" val="-1"/>
    </sval>
    <sval type="array" size="7">
      <sval type="int" val="104"/>
      <sval type="int" val="3"/>
      <sval type="int" val="1"/>
      <sval type="int" val="4"/>
      <sval type="int" val="0"/>
      <sval type="int" val="1"/>
      <sval type="int" val="-1"/>
    </sval>
    <sval type="array" size="7">
      <sval type="int" val="104"/>
      <sval type="int" val="4"/>
      <sval type="int" val="1"/>
      <sval type="int" val="4"/>
      <sval type="int" val="903"/>
      <sval type="int" val="1"/>
      <sval type="int" val="-1"/>
    </sval>
    <sval type="array" size="7">
      <sval type="int" val="404"/>
      <sval type="int" val="131074"/>
      <sval type="int" val="4"/>
      <sval type="int" val="131075"/>
      <sval type="int" val="9"/>
      <sval type="int" val="5"/>
      <sval type="string" val="&lt;?xml version=&quot;1.0&quot;?&gt;"/>
    </sval>
    <sval type="array" size="7">
      <sval type="int" val="404"/>
      <sval type="int" val="131074"/>
      <sval type="int" val="4"/>
      <sval type="int" val="131075"/>
      <sval type="int" val="10"/>
      <sval type="int" val="5"/>
      <sval type="string" val="&lt;Data&gt;&lt;Map&gt;"/>
    </sval>
    <sval type="array" size="13">
      <sval type="int" val="104"/>
      <sval type="int" val="-1610606839"/>
      <sval type="int" val="3"/>
      <sval type="int" val="131074"/>
      <sval type="int" val="2"/>
      <sval type="int" val="131074"/>
      <sval type="int" val="0"/>
      <sval type="int" val="15"/>
      <sval type="int" val="5"/>
      <sval type="int" val="3"/>
      <sval type="int" val="-1"/>
      <sval type="int" val="5"/>
      <sval type="int" val="-2"/>
    </sval>
    <sval type="array" size="7">
      <sval type="int" val="104"/>
      <sval type="int" val="3"/>
      <sval type="int" val="1"/>
      <sval type="int" val="4"/>
      <sval type="int" val="0"/>
      <sval type="int" val="1"/>
      <sval type="int" val="-1"/>
    </sval>
    <sval type="array" size="13">
      <sval type="int" val="104"/>
      <sval type="int" val="-1610607351"/>
      <sval type="int" val="3"/>
      <sval type="int" val="131074"/>
      <sval type="int" val="3"/>
      <sval type="int" val="131074"/>
      <sval type="int" val="1"/>
      <sval type="int" val="15"/>
      <sval type="int" val="5"/>
      <sval type="int" val="3"/>
      <sval type="int" val="-1"/>
      <sval type="int" val="5"/>
      <sval type="int" val="-2"/>
    </sval>
    <sval type="array" size="6">
      <sval type="int" val="800"/>
      <sval type="int" val="5"/>
      <sval type="int" val="131074"/>
      <sval type="int" val="2"/>
      <sval type="int" val="131074"/>
      <sval type="int" val="3"/>
    </sval>
    <sval type="array" size="13">
      <sval type="int" val="104"/>
      <sval type="int" val="-1610607869"/>
      <sval type="int" val="3"/>
      <sval type="int" val="131074"/>
      <sval type="int" val="5"/>
      <sval type="int" val="0"/>
      <sval type="int" val="0"/>
      <sval type="int" val="15"/>
      <sval type="int" val="1"/>
      <sval type="int" val="3"/>
      <sval type="int" val="-1"/>
      <sval type="int" val="1"/>
      <sval type="int" val="-2"/>
    </sval>
    <sval type="array" size="4">
      <sval type="int" val="701"/>
      <sval type="int" val="131074"/>
      <sval type="int" val="5"/>
      <sval type="int" val="6"/>
    </sval>
    <sval type="array" size="4">
      <sval type="int" val="1616"/>
      <sval type="int" val="7"/>
      <sval type="int" val="131074"/>
      <sval type="int" val="6"/>
    </sval>
    <sval type="array" size="8">
      <sval type="int" val="102"/>
      <sval type="string" val="al.ncm.map.RaceListMaker"/>
      <sval type="int" val="-2147483647"/>
      <sval type="int" val="131075"/>
      <sval type="int" val="1"/>
      <sval type="int" val="1"/>
      <sval type="int" val="131074"/>
      <sval type="int" val="6"/>
    </sval>
    <sval type="array" size="8">
      <sval type="int" val="102"/>
      <sval type="string" val="al.ncm.map.WrapGateConnections"/>
      <sval type="int" val="8"/>
      <sval type="int" val="131075"/>
      <sval type="int" val="1"/>
      <sval type="int" val="1"/>
      <sval type="int" val="131074"/>
      <sval type="int" val="5"/>
    </sval>
    <sval type="array" size="91">
      <sval type="int" val="104"/>
      <sval type="int" val="9"/>
      <sval type="int" val="29"/>
      <sval type="int" val="5"/>
      <sval type="string" val="&lt;Sector&gt;"/>
      <sval type="int" val="5"/>
      <sval type="string" val="&lt;Name&gt;"/>
      <sval type="int" val="15"/>
      <sval type="int" val="11"/>
      <sval type="int" val="131074"/>
      <sval type="int" val="5"/>
      <sval type="int" val="15"/>
      <sval type="int" val="11"/>
      <sval type="int" val="5"/>
      <sval type="string" val="&lt;/Name&gt;"/>
      <sval type="int" val="15"/>
      <sval type="int" val="11"/>
      <sval type="int" val="5"/>
      <sval type="string" val="&lt;X&gt;"/>
      <sval type="int" val="15"/>
      <sval type="int" val="11"/>
      <sval type="int" val="131074"/>
      <sval type="int" val="2"/>
      <sval type="int" val="15"/>
      <sval type="int" val="11"/>
      <sval type="int" val="5"/>
      <sval type="string" val="&lt;/X&gt;"/>
      <sval type="int" val="15"/>
      <sval type="int" val="11"/>
      <sval type="int" val="5"/>
      <sval type="string" val="&lt;Y&gt;"/>
      <sval type="int" val="15"/>
      <sval type="int" val="11"/>
      <sval type="int" val="131074"/>
      <sval type="int" val="3"/>
      <sval type="int" val="15"/>
      <sval type="int" val="11"/>
      <sval type="int" val="5"/>
      <sval type="string" val="&lt;/Y&gt;"/>
      <sval type="int" val="15"/>
      <sval type="int" val="11"/>
      <sval type="int" val="5"/>
      <sval type="string" val="&lt;RaceID&gt;"/>
      <sval type="int" val="15"/>
      <sval type="int" val="11"/>
      <sval type="int" val="131074"/>
      <sval type="int" val="7"/>
      <sval type="int" val="15"/>
      <sval type="int" val="11"/>
      <sval type="int" val="5"/>
      <sval type="string" val="&lt;/RaceID&gt;"/>
      <sval type="int" val="15"/>
      <sval type="int" val="11"/>
      <sval type="int" val="131074"/>
      <sval type="int" val="8"/>
      <sval type="int" val="15"/>
      <sval type="int" val="11"/>
      <sval type="int" val="5"/>
      <sval type="string" val="&lt;/Sector&gt;"/>
      <sval type="int" val="15"/>
      <sval type="int" val="11"/>
      <sval type="int" val="29"/>
      <sval type="int" val="-1"/>
      <sval type="int" val="11"/>
      <sval type="int" val="-2"/>
      <sval type="int" val="11"/>
      <sval type="int" val="-4"/>
      <sval type="int" val="11"/>
      <sval type="int" val="-6"/>
      <sval type="int" val="11"/>
      <sval type="int" val="-8"/>
      <sval type="int" val="11"/>
      <sval type="int" val="-10"/>
      <sval type="int" val="11"/>
      <sval type="int" val="-12"/>
      <sval type="int" val="11"/>
      <sval type="int" val="-14"/>
      <sval type="int" val="11"/>
      <sval type="int" val="-16"/>
      <sval type="int" val="11"/>
      <sval type="int" val="-18"/>
      <sval type="int" val="11"/>
      <sval type="int" val="-20"/>
      <sval type="int" val="11"/>
      <sval type="int" val="-22"/>
      <sval type="int" val="11"/>
      <sval type="int" val="-24"/>
      <sval type="int" val="11"/>
      <sval type="int" val="-26"/>
      <sval type="int" val="11"/>
      <sval type="int" val="-28"/>
    </sval>
    <sval type="array" size="7">
      <sval type="int" val="404"/>
      <sval type="int" val="131074"/>
      <sval type="int" val="4"/>
      <sval type="int" val="131075"/>
      <sval type="int" val="10"/>
      <sval type="int" val="131074"/>
      <sval type="int" val="9"/>
    </sval>
    <sval type="array" size="2">
      <sval type="int" val="142"/>
      <sval type="int" val="3"/>
    </sval>
    <sval type="array" size="2">
      <sval type="int" val="112"/>
      <sval type="int" val="10"/>
    </sval>
    <sval type="array" size="2">
      <sval type="int" val="142"/>
      <sval type="int" val="2"/>
    </sval>
    <sval type="array" size="2">
      <sval type="int" val="112"/>
      <sval type="int" val="8"/>
    </sval>
    <sval type="array" size="7">
      <sval type="int" val="404"/>
      <sval type="int" val="131074"/>
      <sval type="int" val="4"/>
      <sval type="int" val="131075"/>
      <sval type="int" val="10"/>
      <sval type="int" val="5"/>
      <sval type="string" val="&lt;/Map&gt;"/>
    </sval>
    <sval type="array" size="7">
      <sval type="int" val="404"/>
      <sval type="int" val="131074"/>
      <sval type="int" val="4"/>
      <sval type="int" val="131075"/>
      <sval type="int" val="10"/>
      <sval type="int" val="5"/>
      <sval type="string" val="&lt;Races&gt;"/>
    </sval>
    <sval type="array" size="4">
      <sval type="int" val="158"/>
      <sval type="int" val="5"/>
      <sval type="string" val="al.ncm.raceList"/>
      <sval type="int" val="10"/>
    </sval>
    <sval type="array" size="7">
      <sval type="int" val="104"/>
      <sval type="int" val="11"/>
      <sval type="int" val="1"/>
      <sval type="int" val="4"/>
      <sval type="int" val="0"/>
      <sval type="int" val="1"/>
      <sval type="int" val="-1"/>
    </sval>
    <sval type="array" size="4">
      <sval type="int" val="131"/>
      <sval type="int" val="12"/>
      <sval type="int" val="131074"/>
      <sval type="int" val="10"/>
    </sval>
    <sval type="array" size="13">
      <sval type="int" val="104"/>
      <sval type="int" val="-1610603767"/>
      <sval type="int" val="3"/>
      <sval type="int" val="131074"/>
      <sval type="int" val="11"/>
      <sval type="int" val="131074"/>
      <sval type="int" val="12"/>
      <sval type="int" val="15"/>
      <sval type="int" val="3"/>
      <sval type="int" val="3"/>
      <sval type="int" val="-1"/>
      <sval type="int" val="3"/>
      <sval type="int" val="-2"/>
    </sval>
    <sval type="array" size="6">
      <sval type="int" val="129"/>
      <sval type="int" val="6"/>
      <sval type="int" val="131074"/>
      <sval type="int" val="10"/>
      <sval type="int" val="131074"/>
      <sval type="int" val="11"/>
    </sval>
    <sval type="array" size="4">
      <sval type="int" val="1616"/>
      <sval type="int" val="7"/>
      <sval type="int" val="131074"/>
      <sval type="int" val="6"/>
    </sval>
    <sval type="array" size="49">
      <sval type="int" val="104"/>
      <sval type="int" val="9"/>
      <sval type="int" val="15"/>
      <sval type="int" val="5"/>
      <sval type="string" val="&lt;Race&gt;"/>
      <sval type="int" val="5"/>
      <sval type="string" val="&lt;ID&gt;"/>
      <sval type="int" val="15"/>
      <sval type="int" val="11"/>
      <sval type="int" val="131074"/>
      <sval type="int" val="7"/>
      <sval type="int" val="15"/>
      <sval type="int" val="11"/>
      <sval type="int" val="5"/>
      <sval type="string" val="&lt;/ID&gt;"/>
      <sval type="int" val="15"/>
      <sval type="int" val="11"/>
      <sval type="int" val="5"/>
      <sval type="string" val="&lt;Name&gt;"/>
      <sval type="int" val="15"/>
      <sval type="int" val="11"/>
      <sval type="int" val="131074"/>
      <sval type="int" val="6"/>
      <sval type="int" val="15"/>
      <sval type="int" val="11"/>
      <sval type="int" val="5"/>
      <sval type="string" val="&lt;/Name&gt;"/>
      <sval type="int" val="15"/>
      <sval type="int" val="11"/>
      <sval type="int" val="5"/>
      <sval type="string" val="&lt;/Race&gt;"/>
      <sval type="int" val="15"/>
      <sval type="int" val="11"/>
      <sval type="int" val="15"/>
      <sval type="int" val="-1"/>
      <sval type="int" val="11"/>
      <sval type="int" val="-2"/>
      <sval type="int" val="11"/>
      <sval type="int" val="-4"/>
      <sval type="int" val="11"/>
      <sval type="int" val="-6"/>
      <sval type="int" val="11"/>
      <sval type="int" val="-8"/>
      <sval type="int" val="11"/>
      <sval type="int" val="-10"/>
      <sval type="int" val="11"/>
      <sval type="int" val="-12"/>
      <sval type="int" val="11"/>
      <sval type="int" val="-14"/>
    </sval>
    <sval type="array" size="7">
      <sval type="int" val="404"/>
      <sval type="int" val="131074"/>
      <sval type="int" val="4"/>
      <sval type="int" val="131075"/>
      <sval type="int" val="10"/>
      <sval type="int" val="131074"/>
      <sval type="int" val="9"/>
    </sval>
    <sval type="array" size="2">
      <sval type="int" val="142"/>
      <sval type="int" val="11"/>
    </sval>
    <sval type="array" size="2">
      <sval type="int" val="112"/>
      <sval type="int" val="28"/>
    </sval>
    <sval type="array" size="7">
      <sval type="int" val="404"/>
      <sval type="int" val="131074"/>
      <sval type="int" val="4"/>
      <sval type="int" val="131075"/>
      <sval type="int" val="10"/>
      <sval type="int" val="5"/>
      <sval type="string" val="&lt;/Races&gt;"/>
    </sval>
    <sval type="array" size="7">
      <sval type="int" val="404"/>
      <sval type="int" val="131074"/>
      <sval type="int" val="4"/>
      <sval type="int" val="131075"/>
      <sval type="int" val="10"/>
      <sval type="int" val="5"/>
      <sval type="string" val="&lt;/Data&gt;"/>
    </sval>
    <sval type="array" size="3">
      <sval type="int" val="103"/>
      <sval type="int" val="0"/>
      <sval type="int" val="0"/>
    </sval>
  </sval>
  <sval type="int" val="0"/>
  <sval type="array" size="39">
    <sval type="array" size="2">
      <sval type="int" val="1"/>
      <sval type="int" val="2"/>
    </sval>
    <sval type="array" size="2">
      <sval type="int" val="3"/>
      <sval type="int" val="2"/>
    </sval>
    <sval type="array" size="2">
      <sval type="int" val="5"/>
      <sval type="int" val="2"/>
    </sval>
    <sval type="array" size="2">
      <sval type="int" val="6"/>
      <sval type="int" val="2"/>
    </sval>
    <sval type="array" size="2">
      <sval type="int" val="7"/>
      <sval type="int" val="2"/>
    </sval>
    <sval type="array" size="2">
      <sval type="int" val="7"/>
      <sval type="int" val="2"/>
    </sval>
    <sval type="array" size="2">
      <sval type="int" val="8"/>
      <sval type="int" val="2"/>
    </sval>
    <sval type="array" size="3">
      <sval type="int" val="8"/>
      <sval type="int" val="1"/>
      <sval type="string" val="Start parsing Universe"/>
    </sval>
    <sval type="array" size="2">
      <sval type="int" val="11"/>
      <sval type="int" val="2"/>
    </sval>
    <sval type="array" size="2">
      <sval type="int" val="12"/>
      <sval type="int" val="2"/>
    </sval>
    <sval type="array" size="2">
      <sval type="int" val="13"/>
      <sval type="int" val="2"/>
    </sval>
    <sval type="array" size="2">
      <sval type="int" val="13"/>
      <sval type="int" val="2"/>
    </sval>
    <sval type="array" size="2">
      <sval type="int" val="15"/>
      <sval type="int" val="2"/>
    </sval>
    <sval type="array" size="2">
      <sval type="int" val="16"/>
      <sval type="int" val="2"/>
    </sval>
    <sval type="array" size="2">
      <sval type="int" val="16"/>
      <sval type="int" val="2"/>
    </sval>
    <sval type="array" size="2">
      <sval type="int" val="17"/>
      <sval type="int" val="2"/>
    </sval>
    <sval type="array" size="2">
      <sval type="int" val="19"/>
      <sval type="int" val="4"/>
    </sval>
    <sval type="array" size="2">
      <sval type="int" val="21"/>
      <sval type="int" val="4"/>
    </sval>
    <sval type="array" size="2">
      <sval type="int" val="21"/>
      <sval type="int" val="2"/>
    </sval>
    <sval type="array" size="2">
      <sval type="int" val="23"/>
      <sval type="int" val="4"/>
    </sval>
    <sval type="array" size="2">
      <sval type="int" val="23"/>
      <sval type="int" val="2"/>
    </sval>
    <sval type="array" size="2">
      <sval type="int" val="25"/>
      <sval type="int" val="2"/>
    </sval>
    <sval type="array" size="2">
      <sval type="int" val="28"/>
      <sval type="int" val="2"/>
    </sval>
    <sval type="array" size="2">
      <sval type="int" val="31"/>
      <sval type="int" val="2"/>
    </sval>
    <sval type="array" size="2">
      <sval type="int" val="33"/>
      <sval type="int" val="2"/>
    </sval>
    <sval type="array" size="2">
      <sval type="int" val="33"/>
      <sval type="int" val="2"/>
    </sval>
    <sval type="array" size="2">
      <sval type="int" val="35"/>
      <sval type="int" val="4"/>
    </sval>
    <sval type="array" size="2">
      <sval type="int" val="35"/>
      <sval type="int" val="2"/>
    </sval>
    <sval type="array" size="2">
      <sval type="int" val="35"/>
      <sval type="int" val="2"/>
    </sval>
    <sval type="array" size="2">
      <sval type="int" val="36"/>
      <sval type="int" val="2"/>
    </sval>
    <sval type="array" size="2">
      <sval type="int" val="36"/>
      <sval type="int" val="2"/>
    </sval>
    <sval type="array" size="2">
      <sval type="int" val="36"/>
      <sval type="int" val="2"/>
    </sval>
    <sval type="array" size="2">
      <sval type="int" val="36"/>
      <sval type="int" val="2"/>
    </sval>
    <sval type="array" size="2">
      <sval type="int" val="36"/>
      <sval type="int" val="2"/>
    </sval>
    <sval type="array" size="2">
      <sval type="int" val="37"/>
      <sval type="int" val="2"/>
    </sval>
    <sval type="array" size="2">
      <sval type="int" val="37"/>
      <sval type="int" val="2"/>
    </sval>
    <sval type="array" size="2">
      <sval type="int" val="37"/>
      <sval type="int" val="2"/>
    </sval>
    <sval type="array" size="2">
      <sval type="int" val="37"/>
      <sval type="int" val="2"/>
    </sval>
    <sval type="array" size="2">
      <sval type="int" val="37"/>
      <sval type="int" val="2"/>
    </sval>
  </sval>
  <sval type="string" val="al.ncm.map.MapLogExport"/>
</sval>

</codearray>
<nosignature>5515</nosignature>
</script>
