<?xml version="1.0" standalone="yes" ?>
<?xml-stylesheet href="x2script.xsl" type="text/xsl" ?>
<script>
<name>al.ncm.map.RaceListMaker</name>
<version>0</version>
<engineversion>52</engineversion>
<description>Description</description>
<arguments>
<argument index="1" name="race" type="Var/Race" desc="The Race" />
</arguments>
<sourceplaintext>
<![CDATA[
  $raceList = get global variable: name='al.ncm.raceList'
  
  if not $raceList
    $raceList = array alloc: size=0
  end
  
  $found = [FALSE]
  $size = size of array $raceList
  $i = 0
  
  
  while $i <= $size
    $var = $raceList[$i]
    if $var == $race
      $found = [TRUE]
      break
    end
    inc $i = 
  end
  
  
  if not $found
    append $race to array $raceList
  end
  
  set global variable: name='al.ncm.raceList' value=$raceList
  
  return null
]]>
</sourceplaintext>
<sourcetext>
<line indent=""><var>$raceList&#160;=&#160;</var><text>get&#160;global&#160;variable:&#160;name=</text><var>'al.ncm.raceList'</var></line>
<line indent=""></line>
<line indent=""><var>if&#160;not&#160;</var><var>$raceList</var></line>
<line indent="&#160;"><var>$raceList&#160;=&#160;</var><text>array&#160;alloc:&#160;size=</text><var>0</var></line>
<line indent=""><text>end</text></line>
<line indent=""></line>
<line indent=""><var>$found&#160;=&#160;</var><var>[FALSE]</var></line>
<line indent=""><var>$size&#160;=&#160;</var><text>size&#160;of&#160;array&#160;</text><var>$raceList</var></line>
<line indent=""><var>$i&#160;=&#160;</var><var>0</var></line>
<line indent=""></line>
<line indent=""></line>
<line indent=""><var>while&#160;</var><var>$i</var><text>&#160;</text><var>&lt;=</var><text>&#160;</text><var>$size</var></line>
<line indent="&#160;"><var>$var&#160;=&#160;</var><var>$raceList</var><text>[</text><var>$i</var><text>]</text></line>
<line indent="&#160;"><var>if&#160;</var><var>$var</var><text>&#160;</text><var>==</var><text>&#160;</text><var>$race</var></line>
<line indent="&#160;&#160;"><var>$found&#160;=&#160;</var><var>[TRUE]</var></line>
<line indent="&#160;&#160;"><text>break</text></line>
<line indent="&#160;"><text>end</text></line>
<line indent="&#160;"><text>inc&#160;</text><var>$i&#160;=&#160;</var></line>
<line indent=""><text>end</text></line>
<line indent=""></line>
<line indent=""></line>
<line indent=""><var>if&#160;not&#160;</var><var>$found</var></line>
<line indent="&#160;"><text>append&#160;</text><var>$race</var><text>&#160;to&#160;array&#160;</text><var>$raceList</var></line>
<line indent=""><text>end</text></line>
<line indent=""></line>
<line indent=""><text>set&#160;global&#160;variable:&#160;name=</text><var>'al.ncm.raceList'</var><text>&#160;value=</text><var>$raceList</var></line>
<line indent=""></line>
<line indent=""><text>return&#160;</text><var>null</var></line>
</sourcetext>
<codearray>

<sval type="array" size="10">
  <sval type="string" val="al.ncm.map.RaceListMaker"/>
  <sval type="int" val="52"/>
  <sval type="string" val="Description"/>
  <sval type="int" val="0"/>
  <sval type="int" val="0"/>
  <sval type="array" size="6">
    <sval type="string" val="race"/>
    <sval type="string" val="raceList"/>
    <sval type="string" val="found"/>
    <sval type="string" val="size"/>
    <sval type="string" val="i"/>
    <sval type="string" val="var"/>
  </sval>
  <sval type="array" size="17">
    <sval type="array" size="4">
      <sval type="int" val="158"/>
      <sval type="int" val="5"/>
      <sval type="string" val="al.ncm.raceList"/>
      <sval type="int" val="1"/>
    </sval>
    <sval type="array" size="7">
      <sval type="int" val="104"/>
      <sval type="int" val="-536870140"/>
      <sval type="int" val="1"/>
      <sval type="int" val="131074"/>
      <sval type="int" val="1"/>
      <sval type="int" val="1"/>
      <sval type="int" val="-1"/>
    </sval>
    <sval type="array" size="4">
      <sval type="int" val="128"/>
      <sval type="int" val="1"/>
      <sval type="int" val="4"/>
      <sval type="int" val="0"/>
    </sval>
    <sval type="array" size="7">
      <sval type="int" val="104"/>
      <sval type="int" val="2"/>
      <sval type="int" val="1"/>
      <sval type="int" val="131075"/>
      <sval type="int" val="9"/>
      <sval type="int" val="1"/>
      <sval type="int" val="-1"/>
    </sval>
    <sval type="array" size="4">
      <sval type="int" val="131"/>
      <sval type="int" val="3"/>
      <sval type="int" val="131074"/>
      <sval type="int" val="1"/>
    </sval>
    <sval type="array" size="7">
      <sval type="int" val="104"/>
      <sval type="int" val="4"/>
      <sval type="int" val="1"/>
      <sval type="int" val="4"/>
      <sval type="int" val="0"/>
      <sval type="int" val="1"/>
      <sval type="int" val="-1"/>
    </sval>
    <sval type="array" size="13">
      <sval type="int" val="104"/>
      <sval type="int" val="-1610609399"/>
      <sval type="int" val="3"/>
      <sval type="int" val="131074"/>
      <sval type="int" val="4"/>
      <sval type="int" val="131074"/>
      <sval type="int" val="3"/>
      <sval type="int" val="15"/>
      <sval type="int" val="5"/>
      <sval type="int" val="3"/>
      <sval type="int" val="-1"/>
      <sval type="int" val="5"/>
      <sval type="int" val="-2"/>
    </sval>
    <sval type="array" size="6">
      <sval type="int" val="129"/>
      <sval type="int" val="5"/>
      <sval type="int" val="131074"/>
      <sval type="int" val="1"/>
      <sval type="int" val="131074"/>
      <sval type="int" val="4"/>
    </sval>
    <sval type="array" size="13">
      <sval type="int" val="104"/>
      <sval type="int" val="-1610609917"/>
      <sval type="int" val="3"/>
      <sval type="int" val="131074"/>
      <sval type="int" val="5"/>
      <sval type="int" val="131074"/>
      <sval type="int" val="0"/>
      <sval type="int" val="15"/>
      <sval type="int" val="0"/>
      <sval type="int" val="3"/>
      <sval type="int" val="-1"/>
      <sval type="int" val="0"/>
      <sval type="int" val="-2"/>
    </sval>
    <sval type="array" size="7">
      <sval type="int" val="104"/>
      <sval type="int" val="2"/>
      <sval type="int" val="1"/>
      <sval type="int" val="131075"/>
      <sval type="int" val="10"/>
      <sval type="int" val="1"/>
      <sval type="int" val="-1"/>
    </sval>
    <sval type="array" size="2">
      <sval type="int" val="112"/>
      <sval type="int" val="13"/>
    </sval>
    <sval type="array" size="2">
      <sval type="int" val="142"/>
      <sval type="int" val="4"/>
    </sval>
    <sval type="array" size="2">
      <sval type="int" val="112"/>
      <sval type="int" val="6"/>
    </sval>
    <sval type="array" size="7">
      <sval type="int" val="104"/>
      <sval type="int" val="-536867068"/>
      <sval type="int" val="1"/>
      <sval type="int" val="131074"/>
      <sval type="int" val="2"/>
      <sval type="int" val="1"/>
      <sval type="int" val="-1"/>
    </sval>
    <sval type="array" size="5">
      <sval type="int" val="135"/>
      <sval type="int" val="131074"/>
      <sval type="int" val="1"/>
      <sval type="int" val="131074"/>
      <sval type="int" val="0"/>
    </sval>
    <sval type="array" size="5">
      <sval type="int" val="157"/>
      <sval type="int" val="5"/>
      <sval type="string" val="al.ncm.raceList"/>
      <sval type="int" val="131074"/>
      <sval type="int" val="1"/>
    </sval>
    <sval type="array" size="3">
      <sval type="int" val="103"/>
      <sval type="int" val="0"/>
      <sval type="int" val="0"/>
    </sval>
  </sval>
  <sval type="array" size="1">
    <sval type="array" size="2">
      <sval type="int" val="16"/>
      <sval type="string" val="The Race"/>
    </sval>
  </sval>
  <sval type="array" size="13">
    <sval type="array" size="2">
      <sval type="int" val="1"/>
      <sval type="int" val="2"/>
    </sval>
    <sval type="array" size="2">
      <sval type="int" val="3"/>
      <sval type="int" val="4"/>
    </sval>
    <sval type="array" size="2">
      <sval type="int" val="3"/>
      <sval type="int" val="2"/>
    </sval>
    <sval type="array" size="2">
      <sval type="int" val="6"/>
      <sval type="int" val="2"/>
    </sval>
    <sval type="array" size="2">
      <sval type="int" val="6"/>
      <sval type="int" val="2"/>
    </sval>
    <sval type="array" size="2">
      <sval type="int" val="11"/>
      <sval type="int" val="7"/>
    </sval>
    <sval type="array" size="2">
      <sval type="int" val="11"/>
      <sval type="int" val="4"/>
    </sval>
    <sval type="array" size="2">
      <sval type="int" val="13"/>
      <sval type="int" val="4"/>
    </sval>
    <sval type="array" size="2">
      <sval type="int" val="13"/>
      <sval type="int" val="2"/>
    </sval>
    <sval type="array" size="2">
      <sval type="int" val="13"/>
      <sval type="int" val="2"/>
    </sval>
    <sval type="array" size="2">
      <sval type="int" val="15"/>
      <sval type="int" val="4"/>
    </sval>
    <sval type="array" size="2">
      <sval type="int" val="15"/>
      <sval type="int" val="2"/>
    </sval>
    <sval type="array" size="2">
      <sval type="int" val="16"/>
      <sval type="int" val="2"/>
    </sval>
  </sval>
  <sval type="int" val="0"/>
</sval>

</codearray>
<nosignature>3023</nosignature>
</script>
